county_fips,county_name,dshs_county_number,phr,hsr
48001,Anderson,1,4,4/5N
48003,Andrews,2,9,9/10
48005,Angelina,3,5,4/5N
48007,Aransas,4,11,11
48009,Archer,5,2,2/3
48011,Armstrong,6,1,1
48013,Atascosa,7,8,8
48015,Austin,8,6,6/5S
48017,Bailey,9,1,1
48019,Bandera,10,8,8
48021,Bastrop,11,7,7
48023,Baylor,12,2,2/3
48025,Bee,13,11,11
48027,Bell,14,7,7
48029,Bexar,15,8,8
48031,Blanco,16,7,7
48033,Borden,17,1,1
48035,Bosque,18,7,7
48037,Bowie,19,4,4/5N
48039,Brazoria,20,6,6/5S
48041,Brazos,21,7,7
48043,Brewster,22,10,9/10
48045,Briscoe,23,1,1
48047,Brooks,24,11,11
48049,Brown,25,2,2/3
48051,Burleson,26,7,7
48053,Burnet,27,7,7
48055,Caldwell,28,7,7
48057,Calhoun,29,8,8
48059,Callahan,30,2,2/3
48061,Cameron,31,11,11
48063,Camp,32,4,4/5N
48065,Carson,33,1,1
48067,Cass,34,4,4/5N
48069,Castro,35,1,1
48071,Chambers,36,6,6/5S
48073,Cherokee,37,4,4/5N
48075,Childress,38,1,1
48077,Clay,39,2,2/3
48079,Cochran,40,1,1
48081,Coke,41,9,9/10
48083,Coleman,42,2,2/3
48085,Collin,43,3,2/3
48087,Collingsworth,44,1,1
48089,Colorado,45,6,6/5S
48091,Comal,46,8,8
48093,Comanche,47,2,2/3
48095,Concho,48,9,9/10
48097,Cooke,49,3,2/3
48099,Coryell,50,7,7
48101,Cottle,51,2,2/3
48103,Crane,52,9,9/10
48105,Crockett,53,9,9/10
48107,Crosby,54,1,1
48109,Culberson,55,10,9/10
48111,Dallam,56,1,1
48113,Dallas,57,3,2/3
48115,Dawson,58,1,1
48117,Deaf Smith,59,1,1
48119,Delta,60,4,4/5N
48121,Denton,61,3,2/3
48123,DeWitt,62,8,8
48125,Dickens,63,1,1
48127,Dimmit,64,8,8
48129,Donley,65,1,1
48131,Duval,66,11,11
48133,Eastland,67,2,2/3
48135,Ector,68,9,9/10
48137,Edwards,69,8,8
48139,Ellis,70,3,2/3
48141,El Paso,71,10,9/10
48143,Erath,72,3,2/3
48145,Falls,73,7,7
48147,Fannin,74,3,2/3
48149,Fayette,75,7,7
48151,Fisher,76,2,2/3
48153,Floyd,77,1,1
48155,Foard,78,2,2/3
48157,Fort Bend,79,6,6/5S
48159,Franklin,80,4,4/5N
48161,Freestone,81,7,7
48163,Frio,82,8,8
48165,Gaines,83,1,1
48167,Galveston,84,6,6/5S
48169,Garza,85,1,1
48171,Gillespie,86,8,8
48173,Glasscock,87,9,9/10
48175,Goliad,88,8,8
48177,Gonzales,89,8,8
48179,Gray,90,1,1
48181,Grayson,91,3,2/3
48183,Gregg,92,4,4/5N
48185,Grimes,93,7,7
48187,Guadalupe,94,8,8
48189,Hale,95,1,1
48191,Hall,96,1,1
48193,Hamilton,97,7,7
48195,Hansford,98,1,1
48197,Hardeman,99,2,2/3
48199,Hardin,100,5,6/5S
48201,Harris,101,6,6/5S
48203,Harrison,102,4,4/5N
48205,Hartley,103,1,1
48207,Haskell,104,2,2/3
48209,Hays,105,7,7
48211,Hemphill,106,1,1
48213,Henderson,107,4,4/5N
48215,Hidalgo,108,11,11
48217,Hill,109,7,7
48219,Hockley,110,1,1
48221,Hood,111,3,2/3
48223,Hopkins,112,4,4/5N
48225,Houston,113,5,4/5N
48227,Howard,114,9,9/10
48229,Hudspeth,115,10,9/10
48231,Hunt,116,3,2/3
48233,Hutchinson,117,1,1
48235,Irion,118,9,9/10
48237,Jack,119,2,2/3
48239,Jackson,120,8,8
48241,Jasper,121,5,4/5N
48243,Jeff Davis,122,10,9/10
48245,Jefferson,123,5,6/5S
48247,Jim Hogg,124,11,11
48249,Jim Wells,125,11,11
48251,Johnson,126,3,2/3
48253,Jones,127,2,2/3
48255,Karnes,128,8,8
48257,Kaufman,129,3,2/3
48259,Kendall,130,8,8
48261,Kenedy,131,11,11
48263,Kent,132,2,2/3
48265,Kerr,133,8,8
48267,Kimble,134,9,9/10
48269,King,135,1,1
48271,Kinney,136,8,8
48273,Kleberg,137,11,11
48275,Knox,138,2,2/3
48277,Lamar,139,4,4/5N
48279,Lamb,140,1,1
48281,Lampasas,141,7,7
48283,La Salle,142,8,8
48285,Lavaca,143,8,8
48287,Lee,144,7,7
48289,Leon,145,7,7
48291,Liberty,146,6,6/5S
48293,Limestone,147,7,7
48295,Lipscomb,148,1,1
48297,Live Oak,149,11,11
48299,Llano,150,7,7
48301,Loving,151,9,9/10
48303,Lubbock,152,1,1
48305,Lynn,153,1,1
48307,McCulloch,154,9,9/10
48309,McLennan,155,7,7
48311,McMullen,156,11,11
48313,Madison,157,7,7
48315,Marion,158,4,4/5N
48317,Martin,159,9,9/10
48319,Mason,160,9,9/10
48321,Matagorda,161,6,6/5S
48323,Maverick,162,8,8
48325,Medina,163,8,8
48327,Menard,164,9,9/10
48329,Midland,165,9,9/10
48331,Milam,166,7,7
48333,Mills,167,7,7
48335,Mitchell,168,2,2/3
48337,Montague,169,2,2/3
48339,Montgomery,170,6,6/5S
48341,Moore,171,1,1
48343,Morris,172,4,4/5N
48345,Motley,173,1,1
48347,Nacogdoches,174,5,4/5N
48349,Navarro,175,3,2/3
48351,Newton,176,5,4/5N
48353,Nolan,177,2,2/3
48355,Nueces,178,11,11
48357,Ochiltree,179,1,1
48359,Oldham,180,1,1
48361,Orange,181,5,6/5S
48363,Palo Pinto,182,3,2/3
48365,Panola,183,4,4/5N
48367,Parker,184,3,2/3
48369,Parmer,185,1,1
48371,Pecos,186,9,9/10
48373,Polk,187,5,4/5N
48375,Potter,188,1,1
48377,Presidio,189,10,9/10
48379,Rains,190,4,4/5N
48381,Randall,191,1,1
48383,Reagan,192,9,9/10
48385,Real,193,8,8
48387,Red River,194,4,4/5N
48389,Reeves,195,9,9/10
48391,Refugio,196,11,11
48393,Roberts,197,1,1
48395,Robertson,198,7,7
48397,Rockwall,199,3,2/3
48399,Runnels,200,2,2/3
48401,Rusk,201,4,4/5N
48403,Sabine,202,5,4/5N
48405,San Augustine,203,5,4/5N
48407,San Jacinto,204,5,4/5N
48409,San Patricio,205,11,11
48411,San Saba,206,7,7
48413,Schleicher,207,9,9/10
48415,Scurry,208,2,2/3
48417,Shackelford,209,2,2/3
48419,Shelby,210,5,4/5N
48421,Sherman,211,1,1
48423,Smith,212,4,4/5N
48425,Somervell,213,3,2/3
48427,Starr,214,11,11
48429,Stephens,215,2,2/3
48431,Sterling,216,9,9/10
48433,Stonewall,217,2,2/3
48435,Sutton,218,9,9/10
48437,Swisher,219,1,1
48439,Tarrant,220,3,2/3
48441,Taylor,221,2,2/3
48443,Terrell,222,9,9/10
48445,Terry,223,1,1
48447,Throckmorton,224,2,2/3
48449,Titus,225,4,4/5N
48451,Tom Green,226,9,9/10
48453,Travis,227,7,7
48455,Trinity,228,5,4/5N
48457,Tyler,229,5,4/5N
48459,Upshur,230,4,4/5N
48461,Upton,231,9,9/10
48463,Uvalde,232,8,8
48465,Val Verde,233,8,8
48467,Van Zandt,234,4,4/5N
48469,Victoria,235,8,8
48471,Walker,236,6,6/5S
48473,Waller,237,6,6/5S
48475,Ward,238,9,9/10
48477,Washington,239,7,7
48479,Webb,240,11,11
48481,Wharton,241,6,6/5S
48483,Wheeler,242,1,1
48485,Wichita,243,2,2/3
48487,Wilbarger,244,2,2/3
48489,Willacy,245,11,11
48491,Williamson,246,7,7
48493,Wilson,247,8,8
48495,Winkler,248,9,9/10
48497,Wise,249,3,2/3
48499,Wood,250,4,4/5N
48501,Yoakum,251,1,1
48503,Young,252,2,2/3
48505,Zapata,253,11,11
48507,Zavala,254,8,8
